Size, Serie, Average Revenue, Average Execution Time
100,10,42.7,19.11062
100,100,355.4,7.97353
100,1000,3399.2,6.48861
1000,10,359.2,172.32139
1000,100,3331.8,132.66313
1000,1000,32599.7,134.42005
10000,10,3581.5,496012.71403
10000,100,33293.9,768695.4473299
10000,1000,327333.1,4743470.38789
