Size, Serie, Average Revenue, Average Execution Time
100,10,43.3,0.74322
100,100,352.8,0.59129
100,1000,3387.4,0.52095
1000,10,359.7,88.96714
1000,100,3336.5,144.75537
1000,1000,32629.2,152.68314
10000,10,3589.8,737262.8517399001
10000,100,33302.5,1094927.6954803
10000,1000,327470.8,1133926.7403
