Size, Serie, Average Revenue, Average Execution Time
100,10,39.1,12.73948
100,100,306.7,4.8739
100,1000,2920.4,3.15531
1000,10,317.0,13.58217
1000,100,2912.1,17.17653
1000,1000,28341.0,8.95702
10000,10,3143.2,334.63832
10000,100,28652.3,213.81827
10000,1000,282587.7,273.37029
