Size, Serie, Average Revenue, Average Execution Time
100,10,39.2,11.27459
100,100,302.4,1.54121
100,1000,2928.5,1.75802
1000,10,316.3,13.31399
1000,100,2885.8,19.48766
1000,1000,28137.4,5.4681
10000,10,3140.6,285.87619
10000,100,28665.7,203.9749
10000,1000,282553.0,274.16143
