Size, Serie, Average Revenue, Average Execution Time
100,10,39.8,17.31349
100,100,316.9,6.39357
100,1000,3142.2,5.20481
1000,10,319.9,27.88346
1000,100,2989.2,12.3225
1000,1000,28709.3,9.90174
10000,10,3133.1,324.00029
10000,100,28794.5,255.30245
10000,1000,284619.2,304.4534
