Size, Serie, Average Revenue, Average Execution Time
100,10,34.7,23.82806
100,100,288.7,3.07985
100,1000,2801.4,4.38931
1000,10,302.0,22.24838
1000,100,2780.0,27.8167
1000,1000,27102.9,70.19927
10000,10,3021.7,114.29624
10000,100,27780.8,687.14338
10000,1000,5034.0,1306.01278
