Size, Serie, Average Revenue, Average Execution Time
100,10,38.5,9.0364
100,100,304.3,1.0043
100,1000,2920.7,0.98762
1000,10,320.0,5.86179
1000,100,2904.9,4.69756
1000,1000,28119.5,3.83346
10000,10,3140.3,144.22657
10000,100,28653.3,136.03162
10000,1000,282628.9,179.61877
