Size, Serie, Average Revenue, Average Execution Time
100,10,38.1,10.75849
100,100,307.9,1.71815
100,1000,2878.5,1.86704
1000,10,319.1,12.81244
1000,100,2925.0,18.26078
1000,1000,27992.7,5.50873
10000,10,3136.7,311.36297
10000,100,28592.9,229.47237
10000,1000,282522.8,242.36255
