Size, Serie, Average Revenue, Average Execution Time
100,10,39.3,0.30605
100,100,324.5,0.04799
100,1000,3125.0,0.03541
1000,10,320.7,0.08507
1000,100,2957.7,0.05185
1000,1000,28521.1,0.04095
10000,10,3134.0,0.04975
10000,100,28773.5,0.05062
10000,1000,285844.2,0.04873
