Size, Serie, Average Revenue, Average Execution Time
100,10,47.4,10.78891
100,100,378.0,5.45248
100,1000,3675.7,5.16691
1000,10,421.0,13.71984
1000,100,3724.7,30.69105
1000,1000,36469.1,138.6208
10000,10,4214.1,118.66981
10000,100,37300.7,1037.24617
10000,1000,9196.6,232.56526
