Size, Serie, Average Revenue, Average Execution Time
100,10,38.3,0.29318
100,100,299.9,0.04165
100,1000,2943.6,0.04599
1000,10,319.0,0.05228
1000,100,2907.5,0.07452
1000,1000,28113.9,0.05148
10000,10,3140.2,0.05178
10000,100,28650.9,0.0494
10000,1000,282435.7,0.05381
