Size, Serie, Average Revenue, Average Execution Time
100,10,40.2,14.8321
100,100,318.5,3.5809
100,1000,3101.6,8.16905
1000,10,319.1,25.1025
1000,100,2953.9,13.04441
1000,1000,28690.9,9.69623
10000,10,3143.4,314.35638
10000,100,28705.8,262.83262
10000,1000,284696.6,275.21922
